doc,organic,attribute,figure
Approach to the synthesis of the C1–C11 and C14–C18 portion of Leucascandrolide A - Organic Chemistry Frontiers (RSC Publishing) DOI_10.1039_C6QO00284F,Leucascandrolide A,organic_figure,./Approach to the synthesis of the C1–C11 and C14–C18 portion of Leucascandrolide A - Organic Chemistry Frontiers (RSC Publishing) DOI_10.1039_C6QO00284F_files/c6qo00284f-s1.gif
Approach to the synthesis of the C1–C11 and C14–C18 portion of Leucascandrolide A - Organic Chemistry Frontiers (RSC Publishing) DOI_10.1039_C6QO00284F,5-hydroxy-1-enoate anti-14a,organic_figure,./Approach to the synthesis of the C1–C11 and C14–C18 portion of Leucascandrolide A - Organic Chemistry Frontiers (RSC Publishing) DOI_10.1039_C6QO00284F_files/c6qo00284f-s2.gif
Approach to the synthesis of the C1–C11 and C14–C18 portion of Leucascandrolide A - Organic Chemistry Frontiers (RSC Publishing) DOI_10.1039_C6QO00284F,diastereomeric homo-allylic alcohols syn-16a,organic_figure,./Approach to the synthesis of the C1–C11 and C14–C18 portion of Leucascandrolide A - Organic Chemistry Frontiers (RSC Publishing) DOI_10.1039_C6QO00284F_files/c6qo00284f-s3.gif
Approach to the synthesis of the C1–C11 and C14–C18 portion of Leucascandrolide A - Organic Chemistry Frontiers (RSC Publishing) DOI_10.1039_C6QO00284F,tetrahydropyran,organic_figure,./Approach to the synthesis of the C1–C11 and C14–C18 portion of Leucascandrolide A - Organic Chemistry Frontiers (RSC Publishing) DOI_10.1039_C6QO00284F_files/c6qo00284f-s4.gif
Approach to the synthesis of the C1–C11 and C14–C18 portion of Leucascandrolide A - Organic Chemistry Frontiers (RSC Publishing) DOI_10.1039_C6QO00284F,enone,organic_figure,./Approach to the synthesis of the C1–C11 and C14–C18 portion of Leucascandrolide A - Organic Chemistry Frontiers (RSC Publishing) DOI_10.1039_C6QO00284F_files/c6qo00284f-s5.gif
Approach to the synthesis of the C1–C11 and C14–C18 portion of Leucascandrolide A - Organic Chemistry Frontiers (RSC Publishing) DOI_10.1039_C6QO00284F,Leucascandrolide A fragment,organic_figure,./Approach to the synthesis of the C1–C11 and C14–C18 portion of Leucascandrolide A - Organic Chemistry Frontiers (RSC Publishing) DOI_10.1039_C6QO00284F_files/c6qo00284f-s6.gif
Annulation based on 8-aminoquinoline assisted C–H activation_ an emerging tool in N-heterocycle construction - Organic Chemistry Frontiers (RSC Publishing) DOI_10.1039_C6QO00077K,Lactam,organic_figure,./Annulation based on 8-aminoquinoline assisted C–H activation_ an emerging tool in N-heterocycle construction - Organic Chemistry Frontiers (RSC Publishing) DOI_10.1039_C6QO00077K_files/c6qo00077k-s1.gif
Annulation based on 8-aminoquinoline assisted C–H activation_ an emerging tool in N-heterocycle construction - Organic Chemistry Frontiers (RSC Publishing) DOI_10.1039_C6QO00077K,isoquinolinones,organic_figure,./Annulation based on 8-aminoquinoline assisted C–H activation_ an emerging tool in N-heterocycle construction - Organic Chemistry Frontiers (RSC Publishing) DOI_10.1039_C6QO00077K_files/c6qo00077k-s2.gif
Annulation based on 8-aminoquinoline assisted C–H activation_ an emerging tool in N-heterocycle construction - Organic Chemistry Frontiers (RSC Publishing) DOI_10.1039_C6QO00077K,isoquinolinones,organic_figure,./Annulation based on 8-aminoquinoline assisted C–H activation_ an emerging tool in N-heterocycle construction - Organic Chemistry Frontiers (RSC Publishing) DOI_10.1039_C6QO00077K_files/c6qo00077k-s3.gif
Annulation based on 8-aminoquinoline assisted C–H activation_ an emerging tool in N-heterocycle construction - Organic Chemistry Frontiers (RSC Publishing) DOI_10.1039_C6QO00077K,dihydroisoquinolinones,organic_figure,./Annulation based on 8-aminoquinoline assisted C–H activation_ an emerging tool in N-heterocycle construction - Organic Chemistry Frontiers (RSC Publishing) DOI_10.1039_C6QO00077K_files/c6qo00077k-s3.gif
Annulation based on 8-aminoquinoline assisted C–H activation_ an emerging tool in N-heterocycle construction - Organic Chemistry Frontiers (RSC Publishing) DOI_10.1039_C6QO00077K,3-methyleneisoindolinones,organic_figure,./Annulation based on 8-aminoquinoline assisted C–H activation_ an emerging tool in N-heterocycle construction - Organic Chemistry Frontiers (RSC Publishing) DOI_10.1039_C6QO00077K_files/c6qo00077k-s4.gif
Annulation based on 8-aminoquinoline assisted C–H activation_ an emerging tool in N-heterocycle construction - Organic Chemistry Frontiers (RSC Publishing) DOI_10.1039_C6QO00077K,pyrrolidinones,organic_figure,./Annulation based on 8-aminoquinoline assisted C–H activation_ an emerging tool in N-heterocycle construction - Organic Chemistry Frontiers (RSC Publishing) DOI_10.1039_C6QO00077K_files/c6qo00077k-s4.gif
Annulation based on 8-aminoquinoline assisted C–H activation_ an emerging tool in N-heterocycle construction - Organic Chemistry Frontiers (RSC Publishing) DOI_10.1039_C6QO00077K,3-methyleneisoindolinones,organic_figure,./Annulation based on 8-aminoquinoline assisted C–H activation_ an emerging tool in N-heterocycle construction - Organic Chemistry Frontiers (RSC Publishing) DOI_10.1039_C6QO00077K_files/c6qo00077k-s4.gif
Annulation based on 8-aminoquinoline assisted C–H activation_ an emerging tool in N-heterocycle construction - Organic Chemistry Frontiers (RSC Publishing) DOI_10.1039_C6QO00077K,imides,organic_figure,./Annulation based on 8-aminoquinoline assisted C–H activation_ an emerging tool in N-heterocycle construction - Organic Chemistry Frontiers (RSC Publishing) DOI_10.1039_C6QO00077K_files/c6qo00077k-s4.gif
Annulation based on 8-aminoquinoline assisted C–H activation_ an emerging tool in N-heterocycle construction - Organic Chemistry Frontiers (RSC Publishing) DOI_10.1039_C6QO00077K,N-containing heterocycles,organic_figure,./Annulation based on 8-aminoquinoline assisted C–H activation_ an emerging tool in N-heterocycle construction - Organic Chemistry Frontiers (RSC Publishing) DOI_10.1039_C6QO00077K_files/c6qo00077k-s7.gif
Annulation based on 8-aminoquinoline assisted C–H activation_ an emerging tool in N-heterocycle construction - Organic Chemistry Frontiers (RSC Publishing) DOI_10.1039_C6QO00077K,naphthamides,organic_figure,./Annulation based on 8-aminoquinoline assisted C–H activation_ an emerging tool in N-heterocycle construction - Organic Chemistry Frontiers (RSC Publishing) DOI_10.1039_C6QO00077K_files/c6qo00077k-s8.gif
"A problem solving approach for the diastereoselective synthesis of (5′ S )- and (5′ R )-5′,8-cyclopurine lesions - Organic Chemistry Frontiers (RSC Publishing) DOI_10.1039_C4QO00133H","5′,8-cyclopurines",organic_figure,"./A problem solving approach for the diastereoselective synthesis of (5′ S )- and (5′ R )-5′,8-cyclopurine lesions - Organic Chemistry Frontiers (RSC Publishing) DOI_10.1039_C4QO00133H_files/c4qo00133h-s1.gif"
"A problem solving approach for the diastereoselective synthesis of (5′ S )- and (5′ R )-5′,8-cyclopurine lesions - Organic Chemistry Frontiers (RSC Publishing) DOI_10.1039_C4QO00133H",(5′S)-cdG,organic_figure,"./A problem solving approach for the diastereoselective synthesis of (5′ S )- and (5′ R )-5′,8-cyclopurine lesions - Organic Chemistry Frontiers (RSC Publishing) DOI_10.1039_C4QO00133H_files/c4qo00133h-s2.gif"
"A problem solving approach for the diastereoselective synthesis of (5′ S )- and (5′ R )-5′,8-cyclopurine lesions - Organic Chemistry Frontiers (RSC Publishing) DOI_10.1039_C4QO00133H",(5′S)-cdG phosphoramidite,organic_figure,"./A problem solving approach for the diastereoselective synthesis of (5′ S )- and (5′ R )-5′,8-cyclopurine lesions - Organic Chemistry Frontiers (RSC Publishing) DOI_10.1039_C4QO00133H_files/c4qo00133h-s4.gif"
"A problem solving approach for the diastereoselective synthesis of (5′ S )- and (5′ R )-5′,8-cyclopurine lesions - Organic Chemistry Frontiers (RSC Publishing) DOI_10.1039_C4QO00133H",(5′R)-cdG phosphoramidite,organic_figure,"./A problem solving approach for the diastereoselective synthesis of (5′ S )- and (5′ R )-5′,8-cyclopurine lesions - Organic Chemistry Frontiers (RSC Publishing) DOI_10.1039_C4QO00133H_files/c4qo00133h-s3.gif"
"A problem solving approach for the diastereoselective synthesis of (5′ S )- and (5′ R )-5′,8-cyclopurine lesions - Organic Chemistry Frontiers (RSC Publishing) DOI_10.1039_C4QO00133H",(5′R)-cdA phosphoramidite,organic_figure,"./A problem solving approach for the diastereoselective synthesis of (5′ S )- and (5′ R )-5′,8-cyclopurine lesions - Organic Chemistry Frontiers (RSC Publishing) DOI_10.1039_C4QO00133H_files/c4qo00133h-s5.gif"
"A room-temperature synthesis of 2,2′-bisoxazoles through palladium-catalyzed oxidative coupling of α-isocyanoacetamides - Organic Chemistry Frontiers (RSC Publishing) DOI_10.1039_C4QO00250D","2,2′-bisoxazole",organic_figure,"./A room-temperature synthesis of 2,2′-bisoxazoles through palladium-catalyzed oxidative coupling of α-isocyanoacetamides - Organic Chemistry Frontiers (RSC Publishing) DOI_10.1039_C4QO00250D_files/c4qo00250d-s1.gif"
"A room-temperature synthesis of 2,2′-bisoxazoles through palladium-catalyzed oxidative coupling of α-isocyanoacetamides - Organic Chemistry Frontiers (RSC Publishing) DOI_10.1039_C4QO00250D","symmetric 2,2′-bisoxazoles",organic_figure,"./A room-temperature synthesis of 2,2′-bisoxazoles through palladium-catalyzed oxidative coupling of α-isocyanoacetamides - Organic Chemistry Frontiers (RSC Publishing) DOI_10.1039_C4QO00250D_files/c4qo00250d-s2.gif"
"A room-temperature synthesis of 2,2′-bisoxazoles through palladium-catalyzed oxidative coupling of α-isocyanoacetamides - Organic Chemistry Frontiers (RSC Publishing) DOI_10.1039_C4QO00250D","unsymmetric 2,2′-bisoxazoles",organic_figure,"./A room-temperature synthesis of 2,2′-bisoxazoles through palladium-catalyzed oxidative coupling of α-isocyanoacetamides - Organic Chemistry Frontiers (RSC Publishing) DOI_10.1039_C4QO00250D_files/c4qo00250d-s3.gif"
"A room-temperature synthesis of 2,2′-bisoxazoles through palladium-catalyzed oxidative coupling of α-isocyanoacetamides - Organic Chemistry Frontiers (RSC Publishing) DOI_10.1039_C4QO00250D",oxazole,organic_figure,"./A room-temperature synthesis of 2,2′-bisoxazoles through palladium-catalyzed oxidative coupling of α-isocyanoacetamides - Organic Chemistry Frontiers (RSC Publishing) DOI_10.1039_C4QO00250D_files/c4qo00250d-s4.gif"
Bottom-up chemical synthesis of three-dimensional conjugated carbon nanostructures_ from carbon nanocages to carbon nanotubes - Organic Chemistry Frontiers (RSC Publishing) DOI_10.1039_C4QO00181H,conjugated carbon nanocages,organic_figure,./Bottom-up chemical synthesis of three-dimensional conjugated carbon nanostructures_ from carbon nanocages to carbon nanotubes - Organic Chemistry Frontiers (RSC Publishing) DOI_10.1039_C4QO00181H_files/c4qo00181h-s1.gif
Bottom-up chemical synthesis of three-dimensional conjugated carbon nanostructures_ from carbon nanocages to carbon nanotubes - Organic Chemistry Frontiers (RSC Publishing) DOI_10.1039_C4QO00181H,conjugated carbon nanocages,organic_figure,./Bottom-up chemical synthesis of three-dimensional conjugated carbon nanostructures_ from carbon nanocages to carbon nanotubes - Organic Chemistry Frontiers (RSC Publishing) DOI_10.1039_C4QO00181H_files/c4qo00181h-s2.gif
Bottom-up chemical synthesis of three-dimensional conjugated carbon nanostructures_ from carbon nanocages to carbon nanotubes - Organic Chemistry Frontiers (RSC Publishing) DOI_10.1039_C4QO00181H,structurally uniform CNTs,organic_figure,./Bottom-up chemical synthesis of three-dimensional conjugated carbon nanostructures_ from carbon nanocages to carbon nanotubes - Organic Chemistry Frontiers (RSC Publishing) DOI_10.1039_C4QO00181H_files/c4qo00181h-s3.gif
Brønsted acid-catalyzed synthesis of carbazoles from 2-substituted indoles - Organic Chemistry Frontiers (RSC Publishing) DOI_10.1039_C4QO00242C,carbazoles,organic_figure,./Brønsted acid-catalyzed synthesis of carbazoles from 2-substituted indoles - Organic Chemistry Frontiers (RSC Publishing) DOI_10.1039_C4QO00242C_files/c4qo00242c-s1.gif
Brønsted acid-catalyzed synthesis of carbazoles from 2-substituted indoles - Organic Chemistry Frontiers (RSC Publishing) DOI_10.1039_C4QO00242C,indole 1,organic_figure,./Brønsted acid-catalyzed synthesis of carbazoles from 2-substituted indoles - Organic Chemistry Frontiers (RSC Publishing) DOI_10.1039_C4QO00242C_files/c4qo00242c-s2.gif
Brønsted acid-catalyzed synthesis of carbazoles from 2-substituted indoles - Organic Chemistry Frontiers (RSC Publishing) DOI_10.1039_C4QO00242C,indole,organic_figure,./Brønsted acid-catalyzed synthesis of carbazoles from 2-substituted indoles - Organic Chemistry Frontiers (RSC Publishing) DOI_10.1039_C4QO00242C_files/c4qo00242c-s3.gif
Brønsted acid-catalyzed synthesis of carbazoles from 2-substituted indoles - Organic Chemistry Frontiers (RSC Publishing) DOI_10.1039_C4QO00242C,p-TSA·H2O-catalyzed carbazole,organic_figure,./Brønsted acid-catalyzed synthesis of carbazoles from 2-substituted indoles - Organic Chemistry Frontiers (RSC Publishing) DOI_10.1039_C4QO00242C_files/c4qo00242c-s3.gif
Brønsted acid-catalyzed synthesis of carbazoles from 2-substituted indoles - Organic Chemistry Frontiers (RSC Publishing) DOI_10.1039_C4QO00242C,"5,5-dimethoxy-2-(1-tosyl-1H-indol-2-yl)pentan-2-ol",organic_figure,./Brønsted acid-catalyzed synthesis of carbazoles from 2-substituted indoles - Organic Chemistry Frontiers (RSC Publishing) DOI_10.1039_C4QO00242C_files/c4qo00242c-s4.gif
Concise asymmetric total synthesis of bruceolline J - Organic Chemistry Frontiers (RSC Publishing) DOI_10.1039_C5QO00030K,bruceolline,organic_figure,./Concise asymmetric total synthesis of bruceolline J - Organic Chemistry Frontiers (RSC Publishing) DOI_10.1039_C5QO00030K_files/c5qo00030k-s1.gif
Concise asymmetric total synthesis of bruceolline J - Organic Chemistry Frontiers (RSC Publishing) DOI_10.1039_C5QO00030K,bruceolline E,organic_figure,./Concise asymmetric total synthesis of bruceolline J - Organic Chemistry Frontiers (RSC Publishing) DOI_10.1039_C5QO00030K_files/c5qo00030k-s2.gif
Concise asymmetric total synthesis of bruceolline J - Organic Chemistry Frontiers (RSC Publishing) DOI_10.1039_C5QO00030K,3-acetyl indole,organic_figure,./Concise asymmetric total synthesis of bruceolline J - Organic Chemistry Frontiers (RSC Publishing) DOI_10.1039_C5QO00030K_files/c5qo00030k-s3.gif
Concise asymmetric total synthesis of bruceolline J - Organic Chemistry Frontiers (RSC Publishing) DOI_10.1039_C5QO00030K,ketone 13,organic_figure,./Concise asymmetric total synthesis of bruceolline J - Organic Chemistry Frontiers (RSC Publishing) DOI_10.1039_C5QO00030K_files/c5qo00030k-s4.gif
Concise asymmetric total synthesis of bruceolline J - Organic Chemistry Frontiers (RSC Publishing) DOI_10.1039_C5QO00030K,bruceolline,organic_figure,./Concise asymmetric total synthesis of bruceolline J - Organic Chemistry Frontiers (RSC Publishing) DOI_10.1039_C5QO00030K_files/c5qo00030k-s5.gif
Concise asymmetric total synthesis of bruceolline J - Organic Chemistry Frontiers (RSC Publishing) DOI_10.1039_C5QO00030K,bruceolline J,organic_figure,./Concise asymmetric total synthesis of bruceolline J - Organic Chemistry Frontiers (RSC Publishing) DOI_10.1039_C5QO00030K_files/c5qo00030k-s6.gif
Concise asymmetric total synthesis of bruceolline J - Organic Chemistry Frontiers (RSC Publishing) DOI_10.1039_C5QO00030K,bruceolline alkaloids,organic_figure,./Concise asymmetric total synthesis of bruceolline J - Organic Chemistry Frontiers (RSC Publishing) DOI_10.1039_C5QO00030K_files/c5qo00030k-s7.gif
Concise asymmetric total synthesis of bruceolline J - Organic Chemistry Frontiers (RSC Publishing) DOI_10.1039_C5QO00030K,cyclopenta-[b]-indole (−)-19,organic_figure,./Concise asymmetric total synthesis of bruceolline J - Organic Chemistry Frontiers (RSC Publishing) DOI_10.1039_C5QO00030K_files/c5qo00030k-s8.gif
Concise asymmetric total synthesis of bruceolline J - Organic Chemistry Frontiers (RSC Publishing) DOI_10.1039_C5QO00030K,bruceollines J,organic_figure,./Concise asymmetric total synthesis of bruceolline J - Organic Chemistry Frontiers (RSC Publishing) DOI_10.1039_C5QO00030K_files/c5qo00030k-s9.gif
Domino cyclization_trifluoromethylation of 2-alkynylanilines using fluoroform-derived CuCF 3 _ synthesis of 3-(trifluoromethyl)indoles - Organic Chemistry Frontiers (RSC Publishing) DOI_10.1039_C8QO00191J,fluoroform-derived,organic_figure,./Domino cyclization_trifluoromethylation of 2-alkynylanilines using fluoroform-derived CuCF 3 _ synthesis of 3-(trifluoromethyl)indoles - Organic Chemistry Frontiers (RSC Publishing) DOI_10.1039_C8QO00191J_files/c8qo00191j-s1.gif
Domino cyclization_trifluoromethylation of 2-alkynylanilines using fluoroform-derived CuCF 3 _ synthesis of 3-(trifluoromethyl)indoles - Organic Chemistry Frontiers (RSC Publishing) DOI_10.1039_C8QO00191J,3-(trifluoromethyl)indole 2a,organic_figure,./Domino cyclization_trifluoromethylation of 2-alkynylanilines using fluoroform-derived CuCF 3 _ synthesis of 3-(trifluoromethyl)indoles - Organic Chemistry Frontiers (RSC Publishing) DOI_10.1039_C8QO00191J_files/c8qo00191j-s1.gif
Domino cyclization_trifluoromethylation of 2-alkynylanilines using fluoroform-derived CuCF 3 _ synthesis of 3-(trifluoromethyl)indoles - Organic Chemistry Frontiers (RSC Publishing) DOI_10.1039_C8QO00191J,3-(trifluoromethyl)indoles 2,organic_figure,./Domino cyclization_trifluoromethylation of 2-alkynylanilines using fluoroform-derived CuCF 3 _ synthesis of 3-(trifluoromethyl)indoles - Organic Chemistry Frontiers (RSC Publishing) DOI_10.1039_C8QO00191J_files/c8qo00191j-s2.gif
Recent advances in the intramolecular Mannich reaction in natural products total synthesis - Organic Chemistry Frontiers (RSC Publishing) DOI_10.1039_C7QO01079F,aza-fused,organic_figure,./Recent advances in the intramolecular Mannich reaction in natural products total synthesis - Organic Chemistry Frontiers (RSC Publishing) DOI_10.1039_C7QO01079F_files/c7qo01079f-s1.gif
Recent advances in the intramolecular Mannich reaction in natural products total synthesis - Organic Chemistry Frontiers (RSC Publishing) DOI_10.1039_C7QO01079F,aza-bridged,organic_figure,./Recent advances in the intramolecular Mannich reaction in natural products total synthesis - Organic Chemistry Frontiers (RSC Publishing) DOI_10.1039_C7QO01079F_files/c7qo01079f-s1.gif
Recent advances in the intramolecular Mannich reaction in natural products total synthesis - Organic Chemistry Frontiers (RSC Publishing) DOI_10.1039_C7QO01079F,(−)-FR901483,organic_figure,./Recent advances in the intramolecular Mannich reaction in natural products total synthesis - Organic Chemistry Frontiers (RSC Publishing) DOI_10.1039_C7QO01079F_files/c7qo01079f-s2.gif
Recent advances in the intramolecular Mannich reaction in natural products total synthesis - Organic Chemistry Frontiers (RSC Publishing) DOI_10.1039_C7QO01079F,(−)-hippodamine,organic_figure,./Recent advances in the intramolecular Mannich reaction in natural products total synthesis - Organic Chemistry Frontiers (RSC Publishing) DOI_10.1039_C7QO01079F_files/c7qo01079f-s3.gif
Recent advances in the intramolecular Mannich reaction in natural products total synthesis - Organic Chemistry Frontiers (RSC Publishing) DOI_10.1039_C7QO01079F,(−)-trachelanthamidine,organic_figure,./Recent advances in the intramolecular Mannich reaction in natural products total synthesis - Organic Chemistry Frontiers (RSC Publishing) DOI_10.1039_C7QO01079F_files/c7qo01079f-s4.gif
Recent advances in the intramolecular Mannich reaction in natural products total synthesis - Organic Chemistry Frontiers (RSC Publishing) DOI_10.1039_C7QO01079F,(−)-tashiromine,organic_figure,./Recent advances in the intramolecular Mannich reaction in natural products total synthesis - Organic Chemistry Frontiers (RSC Publishing) DOI_10.1039_C7QO01079F_files/c7qo01079f-s4.gif
Recent advances in the intramolecular Mannich reaction in natural products total synthesis - Organic Chemistry Frontiers (RSC Publishing) DOI_10.1039_C7QO01079F,(−)-epilupinine,organic_figure,./Recent advances in the intramolecular Mannich reaction in natural products total synthesis - Organic Chemistry Frontiers (RSC Publishing) DOI_10.1039_C7QO01079F_files/c7qo01079f-s4.gif
Recent advances in the intramolecular Mannich reaction in natural products total synthesis - Organic Chemistry Frontiers (RSC Publishing) DOI_10.1039_C7QO01079F,dihydrolyfoline,organic_figure,./Recent advances in the intramolecular Mannich reaction in natural products total synthesis - Organic Chemistry Frontiers (RSC Publishing) DOI_10.1039_C7QO01079F_files/c7qo01079f-s5.gif
Recent advances in the intramolecular Mannich reaction in natural products total synthesis - Organic Chemistry Frontiers (RSC Publishing) DOI_10.1039_C7QO01079F,5-epi-dihydrolyfoline,organic_figure,./Recent advances in the intramolecular Mannich reaction in natural products total synthesis - Organic Chemistry Frontiers (RSC Publishing) DOI_10.1039_C7QO01079F_files/c7qo01079f-s5.gif
Recent advances in the intramolecular Mannich reaction in natural products total synthesis - Organic Chemistry Frontiers (RSC Publishing) DOI_10.1039_C7QO01079F,Kopsia indole alkaloids,organic_figure,./Recent advances in the intramolecular Mannich reaction in natural products total synthesis - Organic Chemistry Frontiers (RSC Publishing) DOI_10.1039_C7QO01079F_files/c7qo01079f-s6.gif
Recent advances in the intramolecular Mannich reaction in natural products total synthesis - Organic Chemistry Frontiers (RSC Publishing) DOI_10.1039_C7QO01079F,(±)-lycojaponicumin D,organic_figure,./Recent advances in the intramolecular Mannich reaction in natural products total synthesis - Organic Chemistry Frontiers (RSC Publishing) DOI_10.1039_C7QO01079F_files/c7qo01079f-s7.gif
Recent advances in the intramolecular Mannich reaction in natural products total synthesis - Organic Chemistry Frontiers (RSC Publishing) DOI_10.1039_C7QO01079F,(±)-gelsemine,organic_figure,./Recent advances in the intramolecular Mannich reaction in natural products total synthesis - Organic Chemistry Frontiers (RSC Publishing) DOI_10.1039_C7QO01079F_files/c7qo01079f-s8.gif
Recent advances in the intramolecular Mannich reaction in natural products total synthesis - Organic Chemistry Frontiers (RSC Publishing) DOI_10.1039_C7QO01079F,(+)-nakadomarin A,organic_figure,./Recent advances in the intramolecular Mannich reaction in natural products total synthesis - Organic Chemistry Frontiers (RSC Publishing) DOI_10.1039_C7QO01079F_files/c7qo01079f-s9.gif
Recent advances in the intramolecular Mannich reaction in natural products total synthesis - Organic Chemistry Frontiers (RSC Publishing) DOI_10.1039_C7QO01079F,martinellic acid,organic_figure,./Recent advances in the intramolecular Mannich reaction in natural products total synthesis - Organic Chemistry Frontiers (RSC Publishing) DOI_10.1039_C7QO01079F_files/c7qo01079f-s10.gif
Recent advances in the intramolecular Mannich reaction in natural products total synthesis - Organic Chemistry Frontiers (RSC Publishing) DOI_10.1039_C7QO01079F,martinelline,organic_figure,./Recent advances in the intramolecular Mannich reaction in natural products total synthesis - Organic Chemistry Frontiers (RSC Publishing) DOI_10.1039_C7QO01079F_files/c7qo01079f-s10.gif
Recent advances in the intramolecular Mannich reaction in natural products total synthesis - Organic Chemistry Frontiers (RSC Publishing) DOI_10.1039_C7QO01079F,(−)-lycopodine,organic_figure,./Recent advances in the intramolecular Mannich reaction in natural products total synthesis - Organic Chemistry Frontiers (RSC Publishing) DOI_10.1039_C7QO01079F_files/c7qo01079f-s11.gif
Recent advances in the intramolecular Mannich reaction in natural products total synthesis - Organic Chemistry Frontiers (RSC Publishing) DOI_10.1039_C7QO01079F,(+)-clavolonine,organic_figure,./Recent advances in the intramolecular Mannich reaction in natural products total synthesis - Organic Chemistry Frontiers (RSC Publishing) DOI_10.1039_C7QO01079F_files/c7qo01079f-s12.gif
Recent advances in the intramolecular Mannich reaction in natural products total synthesis - Organic Chemistry Frontiers (RSC Publishing) DOI_10.1039_C7QO01079F,gephyrotoxin 287C,organic_figure,./Recent advances in the intramolecular Mannich reaction in natural products total synthesis - Organic Chemistry Frontiers (RSC Publishing) DOI_10.1039_C7QO01079F_files/c7qo01079f-s13.gif
Recent advances in the intramolecular Mannich reaction in natural products total synthesis - Organic Chemistry Frontiers (RSC Publishing) DOI_10.1039_C7QO01079F,(±)-gracilamine,organic_figure,./Recent advances in the intramolecular Mannich reaction in natural products total synthesis - Organic Chemistry Frontiers (RSC Publishing) DOI_10.1039_C7QO01079F_files/c7qo01079f-s14.gif
Recent advances in the intramolecular Mannich reaction in natural products total synthesis - Organic Chemistry Frontiers (RSC Publishing) DOI_10.1039_C7QO01079F,(+)-lycopalhine A ,organic_figure,./Recent advances in the intramolecular Mannich reaction in natural products total synthesis - Organic Chemistry Frontiers (RSC Publishing) DOI_10.1039_C7QO01079F_files/c7qo01079f-s15.gif
Recent advances in the intramolecular Mannich reaction in natural products total synthesis - Organic Chemistry Frontiers (RSC Publishing) DOI_10.1039_C7QO01079F,cribrostatin IV,organic_figure,./Recent advances in the intramolecular Mannich reaction in natural products total synthesis - Organic Chemistry Frontiers (RSC Publishing) DOI_10.1039_C7QO01079F_files/c7qo01079f-s16.gif
Recent advances in the intramolecular Mannich reaction in natural products total synthesis - Organic Chemistry Frontiers (RSC Publishing) DOI_10.1039_C7QO01079F,(±)-morphine,organic_figure,./Recent advances in the intramolecular Mannich reaction in natural products total synthesis - Organic Chemistry Frontiers (RSC Publishing) DOI_10.1039_C7QO01079F_files/c7qo01079f-s17.gif
Recent advances in the intramolecular Mannich reaction in natural products total synthesis - Organic Chemistry Frontiers (RSC Publishing) DOI_10.1039_C7QO01079F,(−)-quinocarcin,organic_figure,./Recent advances in the intramolecular Mannich reaction in natural products total synthesis - Organic Chemistry Frontiers (RSC Publishing) DOI_10.1039_C7QO01079F_files/c7qo01079f-s18.gif
Recent advances in the intramolecular Mannich reaction in natural products total synthesis - Organic Chemistry Frontiers (RSC Publishing) DOI_10.1039_C7QO01079F,(±)-anatoxin-a,organic_figure,./Recent advances in the intramolecular Mannich reaction in natural products total synthesis - Organic Chemistry Frontiers (RSC Publishing) DOI_10.1039_C7QO01079F_files/c7qo01079f-s19.gif
Recent advances in the intramolecular Mannich reaction in natural products total synthesis - Organic Chemistry Frontiers (RSC Publishing) DOI_10.1039_C7QO01079F,(±)-homoanatoxin,organic_figure,./Recent advances in the intramolecular Mannich reaction in natural products total synthesis - Organic Chemistry Frontiers (RSC Publishing) DOI_10.1039_C7QO01079F_files/c7qo01079f-s19.gif
Recent advances in the intramolecular Mannich reaction in natural products total synthesis - Organic Chemistry Frontiers (RSC Publishing) DOI_10.1039_C7QO01079F,(+)-fastigiatine,organic_figure,./Recent advances in the intramolecular Mannich reaction in natural products total synthesis - Organic Chemistry Frontiers (RSC Publishing) DOI_10.1039_C7QO01079F_files/c7qo01079f-s20.gif
Recent advances in the intramolecular Mannich reaction in natural products total synthesis - Organic Chemistry Frontiers (RSC Publishing) DOI_10.1039_C7QO01079F,(±)-neofinaconitine,organic_figure,./Recent advances in the intramolecular Mannich reaction in natural products total synthesis - Organic Chemistry Frontiers (RSC Publishing) DOI_10.1039_C7QO01079F_files/c7qo01079f-s21.gif
Recent advances in the intramolecular Mannich reaction in natural products total synthesis - Organic Chemistry Frontiers (RSC Publishing) DOI_10.1039_C7QO01079F,(−)-lepenine,organic_figure,./Recent advances in the intramolecular Mannich reaction in natural products total synthesis - Organic Chemistry Frontiers (RSC Publishing) DOI_10.1039_C7QO01079F_files/c7qo01079f-s22.gif
Recent advances in the intramolecular Mannich reaction in natural products total synthesis - Organic Chemistry Frontiers (RSC Publishing) DOI_10.1039_C7QO01079F,(±)-lyconadins A,organic_figure,./Recent advances in the intramolecular Mannich reaction in natural products total synthesis - Organic Chemistry Frontiers (RSC Publishing) DOI_10.1039_C7QO01079F_files/c7qo01079f-s23.gif
Recent advances in the intramolecular Mannich reaction in natural products total synthesis - Organic Chemistry Frontiers (RSC Publishing) DOI_10.1039_C7QO01079F,(±)-lyconadins C,organic_figure,./Recent advances in the intramolecular Mannich reaction in natural products total synthesis - Organic Chemistry Frontiers (RSC Publishing) DOI_10.1039_C7QO01079F_files/c7qo01079f-s23.gif
Recent advances in the intramolecular Mannich reaction in natural products total synthesis - Organic Chemistry Frontiers (RSC Publishing) DOI_10.1039_C7QO01079F,(±)-didehydrostemofoline,organic_figure,./Recent advances in the intramolecular Mannich reaction in natural products total synthesis - Organic Chemistry Frontiers (RSC Publishing) DOI_10.1039_C7QO01079F_files/c7qo01079f-s24.gif
Recent advances in the intramolecular Mannich reaction in natural products total synthesis - Organic Chemistry Frontiers (RSC Publishing) DOI_10.1039_C7QO01079F,(±)-isodidehydrostemofoline,organic_figure,./Recent advances in the intramolecular Mannich reaction in natural products total synthesis - Organic Chemistry Frontiers (RSC Publishing) DOI_10.1039_C7QO01079F_files/c7qo01079f-s24.gif
Recent advances in the intramolecular Mannich reaction in natural products total synthesis - Organic Chemistry Frontiers (RSC Publishing) DOI_10.1039_C7QO01079F,(+)-geissoschizine,organic_figure,./Recent advances in the intramolecular Mannich reaction in natural products total synthesis - Organic Chemistry Frontiers (RSC Publishing) DOI_10.1039_C7QO01079F_files/c7qo01079f-s25.gif
Recent advances in the intramolecular Mannich reaction in natural products total synthesis - Organic Chemistry Frontiers (RSC Publishing) DOI_10.1039_C7QO01079F,(+)-N-methylvellosimine,organic_figure,./Recent advances in the intramolecular Mannich reaction in natural products total synthesis - Organic Chemistry Frontiers (RSC Publishing) DOI_10.1039_C7QO01079F_files/c7qo01079f-s25.gif
Recent advances in the intramolecular Mannich reaction in natural products total synthesis - Organic Chemistry Frontiers (RSC Publishing) DOI_10.1039_C7QO01079F,(±)-subincanadine F,organic_figure,./Recent advances in the intramolecular Mannich reaction in natural products total synthesis - Organic Chemistry Frontiers (RSC Publishing) DOI_10.1039_C7QO01079F_files/c7qo01079f-s26.gif
Recent advances in the intramolecular Mannich reaction in natural products total synthesis - Organic Chemistry Frontiers (RSC Publishing) DOI_10.1039_C7QO01079F,(−)-actinophyllic acid,organic_figure,./Recent advances in the intramolecular Mannich reaction in natural products total synthesis - Organic Chemistry Frontiers (RSC Publishing) DOI_10.1039_C7QO01079F_files/c7qo01079f-s27.gif
Recent advances in the intramolecular Mannich reaction in natural products total synthesis - Organic Chemistry Frontiers (RSC Publishing) DOI_10.1039_C7QO01079F,(+)-fawcettimine,organic_figure,./Recent advances in the intramolecular Mannich reaction in natural products total synthesis - Organic Chemistry Frontiers (RSC Publishing) DOI_10.1039_C7QO01079F_files/c7qo01079f-s28.gif
Recent advances in the intramolecular Mannich reaction in natural products total synthesis - Organic Chemistry Frontiers (RSC Publishing) DOI_10.1039_C7QO01079F,(+)-lycoflexine,organic_figure,./Recent advances in the intramolecular Mannich reaction in natural products total synthesis - Organic Chemistry Frontiers (RSC Publishing) DOI_10.1039_C7QO01079F_files/c7qo01079f-s28.gif
Recent synthetic studies towards natural products via [5 + 2] cycloaddition reactions - Organic Chemistry Frontiers (RSC Publishing) DOI_10.1039_C7QO01123G,harringtonolide,organic_figure,./Recent synthetic studies towards natural products via [5 + 2] cycloaddition reactions - Organic Chemistry Frontiers (RSC Publishing) DOI_10.1039_C7QO01123G_files/c7qo01123g-s2.gif
Recent synthetic studies towards natural products via [5 + 2] cycloaddition reactions - Organic Chemistry Frontiers (RSC Publishing) DOI_10.1039_C7QO01123G,purpurogallin,organic_figure,./Recent synthetic studies towards natural products via [5 + 2] cycloaddition reactions - Organic Chemistry Frontiers (RSC Publishing) DOI_10.1039_C7QO01123G_files/c7qo01123g-s3.gif
Recent synthetic studies towards natural products via [5 + 2] cycloaddition reactions - Organic Chemistry Frontiers (RSC Publishing) DOI_10.1039_C7QO01123G,epicolactone,organic_figure,./Recent synthetic studies towards natural products via [5 + 2] cycloaddition reactions - Organic Chemistry Frontiers (RSC Publishing) DOI_10.1039_C7QO01123G_files/c7qo01123g-s4.gif
Recent synthetic studies towards natural products via [5 + 2] cycloaddition reactions - Organic Chemistry Frontiers (RSC Publishing) DOI_10.1039_C7QO01123G,regioisomeric cycloadditions,organic_figure,./Recent synthetic studies towards natural products via [5 + 2] cycloaddition reactions - Organic Chemistry Frontiers (RSC Publishing) DOI_10.1039_C7QO01123G_files/c7qo01123g-s5.gif
Recent synthetic studies towards natural products via [5 + 2] cycloaddition reactions - Organic Chemistry Frontiers (RSC Publishing) DOI_10.1039_C7QO01123G,pharicin A,organic_figure,./Recent synthetic studies towards natural products via [5 + 2] cycloaddition reactions - Organic Chemistry Frontiers (RSC Publishing) DOI_10.1039_C7QO01123G_files/c7qo01123g-s6.gif
Recent synthetic studies towards natural products via [5 + 2] cycloaddition reactions - Organic Chemistry Frontiers (RSC Publishing) DOI_10.1039_C7QO01123G,santalin Y,organic_figure,./Recent synthetic studies towards natural products via [5 + 2] cycloaddition reactions - Organic Chemistry Frontiers (RSC Publishing) DOI_10.1039_C7QO01123G_files/c7qo01123g-s7.gif
Recent synthetic studies towards natural products via [5 + 2] cycloaddition reactions - Organic Chemistry Frontiers (RSC Publishing) DOI_10.1039_C7QO01123G,santalin Y,organic_figure,./Recent synthetic studies towards natural products via [5 + 2] cycloaddition reactions - Organic Chemistry Frontiers (RSC Publishing) DOI_10.1039_C7QO01123G_files/c7qo01123g-s8.gif
Recent synthetic studies towards natural products via [5 + 2] cycloaddition reactions - Organic Chemistry Frontiers (RSC Publishing) DOI_10.1039_C7QO01123G,santalin Y,organic_figure,./Recent synthetic studies towards natural products via [5 + 2] cycloaddition reactions - Organic Chemistry Frontiers (RSC Publishing) DOI_10.1039_C7QO01123G_files/c7qo01123g-s9.gif
Recent synthetic studies towards natural products via [5 + 2] cycloaddition reactions - Organic Chemistry Frontiers (RSC Publishing) DOI_10.1039_C7QO01123G,sarpagine alkaloids,organic_figure,./Recent synthetic studies towards natural products via [5 + 2] cycloaddition reactions - Organic Chemistry Frontiers (RSC Publishing) DOI_10.1039_C7QO01123G_files/c7qo01123g-s10.gif
Recent synthetic studies towards natural products via [5 + 2] cycloaddition reactions - Organic Chemistry Frontiers (RSC Publishing) DOI_10.1039_C7QO01123G,colchicinoids,organic_figure,./Recent synthetic studies towards natural products via [5 + 2] cycloaddition reactions - Organic Chemistry Frontiers (RSC Publishing) DOI_10.1039_C7QO01123G_files/c7qo01123g-s11.gif
Recent synthetic studies towards natural products via [5 + 2] cycloaddition reactions - Organic Chemistry Frontiers (RSC Publishing) DOI_10.1039_C7QO01123G,eurifoloid A,organic_figure,./Recent synthetic studies towards natural products via [5 + 2] cycloaddition reactions - Organic Chemistry Frontiers (RSC Publishing) DOI_10.1039_C7QO01123G_files/c7qo01123g-s12.gif
Recent synthetic studies towards natural products via [5 + 2] cycloaddition reactions - Organic Chemistry Frontiers (RSC Publishing) DOI_10.1039_C7QO01123G,isocyclocitrinol,organic_figure,./Recent synthetic studies towards natural products via [5 + 2] cycloaddition reactions - Organic Chemistry Frontiers (RSC Publishing) DOI_10.1039_C7QO01123G_files/c7qo01123g-s13.gif
Efficient synthesis of 2-nitroimidazole derivatives and the bioreductive clinical candidate Evofosfamide (TH-302) - Organic Chemistry Frontiers (RSC Publishing) DOI_10.1039_C5QO00211G,2-nitroimidazole,organic_figure,./Efficient synthesis of 2-nitroimidazole derivatives and the bioreductive clinical candidate Evofosfamide (TH-302) - Organic Chemistry Frontiers (RSC Publishing) DOI_10.1039_C5QO00211G_files/c5qo00211g-s1.gif
Efficient synthesis of 2-nitroimidazole derivatives and the bioreductive clinical candidate Evofosfamide (TH-302) - Organic Chemistry Frontiers (RSC Publishing) DOI_10.1039_C5QO00211G,Evofosfamide (TH-302),organic_figure,./Efficient synthesis of 2-nitroimidazole derivatives and the bioreductive clinical candidate Evofosfamide (TH-302) - Organic Chemistry Frontiers (RSC Publishing) DOI_10.1039_C5QO00211G_files/c5qo00211g-s4.gif
Formal synthesis of (−)-platensimycin - Organic Chemistry Frontiers (RSC Publishing) DOI_10.1039_C5QO00109A,(−)-platensimycin,organic_figure,./Formal synthesis of (−)-platensimycin - Organic Chemistry Frontiers (RSC Publishing) DOI_10.1039_C5QO00109A_files/c5qo00109a-s3.gif
Lewis acid catalyzed Nazarov type cyclization for the synthesis of a substituted indane framework_ total synthesis of (±)-mutisianthol - Organic Chemistry Frontiers (RSC Publishing) DOI_10.1039_C5QO00005J,"α,β-unsaturated ester",organic_figure,./Lewis acid catalyzed Nazarov type cyclization for the synthesis of a substituted indane framework_ total synthesis of (±)-mutisianthol - Organic Chemistry Frontiers (RSC Publishing) DOI_10.1039_C5QO00005J_files/c5qo00005j-s2.gif
Lewis acid catalyzed Nazarov type cyclization for the synthesis of a substituted indane framework_ total synthesis of (±)-mutisianthol - Organic Chemistry Frontiers (RSC Publishing) DOI_10.1039_C5QO00005J,diene ester,organic_figure,./Lewis acid catalyzed Nazarov type cyclization for the synthesis of a substituted indane framework_ total synthesis of (±)-mutisianthol - Organic Chemistry Frontiers (RSC Publishing) DOI_10.1039_C5QO00005J_files/c5qo00005j-s3.gif
Lewis acid catalyzed Nazarov type cyclization for the synthesis of a substituted indane framework_ total synthesis of (±)-mutisianthol - Organic Chemistry Frontiers (RSC Publishing) DOI_10.1039_C5QO00005J,"α,β-unsaturated ester",organic_figure,./Lewis acid catalyzed Nazarov type cyclization for the synthesis of a substituted indane framework_ total synthesis of (±)-mutisianthol - Organic Chemistry Frontiers (RSC Publishing) DOI_10.1039_C5QO00005J_files/c5qo00005j-s5.gif
Lewis acid catalyzed Nazarov type cyclization for the synthesis of a substituted indane framework_ total synthesis of (±)-mutisianthol - Organic Chemistry Frontiers (RSC Publishing) DOI_10.1039_C5QO00005J,epi-mutisianthol,organic_figure,./Lewis acid catalyzed Nazarov type cyclization for the synthesis of a substituted indane framework_ total synthesis of (±)-mutisianthol - Organic Chemistry Frontiers (RSC Publishing) DOI_10.1039_C5QO00005J_files/c5qo00005j-s6.gif
Lewis acid catalyzed Nazarov type cyclization for the synthesis of a substituted indane framework_ total synthesis of (±)-mutisianthol - Organic Chemistry Frontiers (RSC Publishing) DOI_10.1039_C5QO00005J,mutisianthol,organic_figure,./Lewis acid catalyzed Nazarov type cyclization for the synthesis of a substituted indane framework_ total synthesis of (±)-mutisianthol - Organic Chemistry Frontiers (RSC Publishing) DOI_10.1039_C5QO00005J_files/c5qo00005j-s7.gif
Metal-mediated C–O bond forming reactions in natural product synthesis - Organic Chemistry Frontiers (RSC Publishing) DOI_10.1039_C7QO00671C,epi-mutisianthol,organic_figure,./Lewis acid catalyzed Nazarov type cyclization for the synthesis of a substituted indane framework_ total synthesis of (±)-mutisianthol - Organic Chemistry Frontiers (RSC Publishing) DOI_10.1039_C5QO00005J_files/c5qo00005j-s7.gif
Metal-mediated C–O bond forming reactions in natural product synthesis - Organic Chemistry Frontiers (RSC Publishing) DOI_10.1039_C7QO00671C,gerfelin,organic_figure,./Metal-mediated C–O bond forming reactions in natural product synthesis - Organic Chemistry Frontiers (RSC Publishing) DOI_10.1039_C7QO00671C_files/c7qo00671c-s2.gif
Metal-mediated C–O bond forming reactions in natural product synthesis - Organic Chemistry Frontiers (RSC Publishing) DOI_10.1039_C7QO00671C,diaryl ethers,organic_figure,./Metal-mediated C–O bond forming reactions in natural product synthesis - Organic Chemistry Frontiers (RSC Publishing) DOI_10.1039_C7QO00671C_files/c7qo00671c-s3.gif
Metal-mediated C–O bond forming reactions in natural product synthesis - Organic Chemistry Frontiers (RSC Publishing) DOI_10.1039_C7QO00671C,phaeanthine,organic_figure,./Metal-mediated C–O bond forming reactions in natural product synthesis - Organic Chemistry Frontiers (RSC Publishing) DOI_10.1039_C7QO00671C_files/c7qo00671c-s4.gif
Metal-mediated C–O bond forming reactions in natural product synthesis - Organic Chemistry Frontiers (RSC Publishing) DOI_10.1039_C7QO00671C,isotetrandine,organic_figure,./Metal-mediated C–O bond forming reactions in natural product synthesis - Organic Chemistry Frontiers (RSC Publishing) DOI_10.1039_C7QO00671C_files/c7qo00671c-s4.gif
Metal-mediated C–O bond forming reactions in natural product synthesis - Organic Chemistry Frontiers (RSC Publishing) DOI_10.1039_C7QO00671C,cycloisodityrosine,organic_figure,./Metal-mediated C–O bond forming reactions in natural product synthesis - Organic Chemistry Frontiers (RSC Publishing) DOI_10.1039_C7QO00671C_files/c7qo00671c-s5.gif
Metal-mediated C–O bond forming reactions in natural product synthesis - Organic Chemistry Frontiers (RSC Publishing) DOI_10.1039_C7QO00671C,verbanachalcone,organic_figure,./Metal-mediated C–O bond forming reactions in natural product synthesis - Organic Chemistry Frontiers (RSC Publishing) DOI_10.1039_C7QO00671C_files/c7qo00671c-s6.gif
Metal-mediated C–O bond forming reactions in natural product synthesis - Organic Chemistry Frontiers (RSC Publishing) DOI_10.1039_C7QO00671C,hernandial,organic_figure,./Metal-mediated C–O bond forming reactions in natural product synthesis - Organic Chemistry Frontiers (RSC Publishing) DOI_10.1039_C7QO00671C_files/c7qo00671c-s7.gif
Metal-mediated C–O bond forming reactions in natural product synthesis - Organic Chemistry Frontiers (RSC Publishing) DOI_10.1039_C7QO00671C,aristogin A,organic_figure,./Metal-mediated C–O bond forming reactions in natural product synthesis - Organic Chemistry Frontiers (RSC Publishing) DOI_10.1039_C7QO00671C_files/c7qo00671c-s7.gif
Metal-mediated C–O bond forming reactions in natural product synthesis - Organic Chemistry Frontiers (RSC Publishing) DOI_10.1039_C7QO00671C,K-13,organic_figure,./Metal-mediated C–O bond forming reactions in natural product synthesis - Organic Chemistry Frontiers (RSC Publishing) DOI_10.1039_C7QO00671C_files/c7qo00671c-s8.gif
Metal-mediated C–O bond forming reactions in natural product synthesis - Organic Chemistry Frontiers (RSC Publishing) DOI_10.1039_C7QO00671C,obovatol,organic_figure,./Metal-mediated C–O bond forming reactions in natural product synthesis - Organic Chemistry Frontiers (RSC Publishing) DOI_10.1039_C7QO00671C_files/c7qo00671c-s8.gif
Metal-mediated C–O bond forming reactions in natural product synthesis - Organic Chemistry Frontiers (RSC Publishing) DOI_10.1039_C7QO00671C,O-methylthalibrine,organic_figure,./Metal-mediated C–O bond forming reactions in natural product synthesis - Organic Chemistry Frontiers (RSC Publishing) DOI_10.1039_C7QO00671C_files/c7qo00671c-s9.gif
Metal-mediated C–O bond forming reactions in natural product synthesis - Organic Chemistry Frontiers (RSC Publishing) DOI_10.1039_C7QO00671C,garuganin,organic_figure,./Metal-mediated C–O bond forming reactions in natural product synthesis - Organic Chemistry Frontiers (RSC Publishing) DOI_10.1039_C7QO00671C_files/c7qo00671c-s11.gif
Metal-mediated C–O bond forming reactions in natural product synthesis - Organic Chemistry Frontiers (RSC Publishing) DOI_10.1039_C7QO00671C,garugamblin,organic_figure,./Metal-mediated C–O bond forming reactions in natural product synthesis - Organic Chemistry Frontiers (RSC Publishing) DOI_10.1039_C7QO00671C_files/c7qo00671c-s11.gif
Metal-mediated C–O bond forming reactions in natural product synthesis - Organic Chemistry Frontiers (RSC Publishing) DOI_10.1039_C7QO00671C,RA-VII,organic_figure,./Metal-mediated C–O bond forming reactions in natural product synthesis - Organic Chemistry Frontiers (RSC Publishing) DOI_10.1039_C7QO00671C_files/c7qo00671c-s12.gif
Metal-mediated C–O bond forming reactions in natural product synthesis - Organic Chemistry Frontiers (RSC Publishing) DOI_10.1039_C7QO00671C,deoxybouvardin,organic_figure,./Metal-mediated C–O bond forming reactions in natural product synthesis - Organic Chemistry Frontiers (RSC Publishing) DOI_10.1039_C7QO00671C_files/c7qo00671c-s12.gif
Metal-mediated C–O bond forming reactions in natural product synthesis - Organic Chemistry Frontiers (RSC Publishing) DOI_10.1039_C7QO00671C,vancomycin,organic_figure,./Metal-mediated C–O bond forming reactions in natural product synthesis - Organic Chemistry Frontiers (RSC Publishing) DOI_10.1039_C7QO00671C_files/c7qo00671c-s13.gif
Metal-mediated C–O bond forming reactions in natural product synthesis - Organic Chemistry Frontiers (RSC Publishing) DOI_10.1039_C7QO00671C,diaryl ether heptanoids,organic_figure,./Metal-mediated C–O bond forming reactions in natural product synthesis - Organic Chemistry Frontiers (RSC Publishing) DOI_10.1039_C7QO00671C_files/c7qo00671c-s10.gif
Metal-mediated C–O bond forming reactions in natural product synthesis - Organic Chemistry Frontiers (RSC Publishing) DOI_10.1039_C7QO00671C,diaryl ether heptanoids,organic_figure,./Metal-mediated C–O bond forming reactions in natural product synthesis - Organic Chemistry Frontiers (RSC Publishing) DOI_10.1039_C7QO00671C_files/c7qo00671c-s11.gif
Metal-mediated C–O bond forming reactions in natural product synthesis - Organic Chemistry Frontiers (RSC Publishing) DOI_10.1039_C7QO00671C,diaryl ether heptanoids,organic_figure,./Metal-mediated C–O bond forming reactions in natural product synthesis - Organic Chemistry Frontiers (RSC Publishing) DOI_10.1039_C7QO00671C_files/c7qo00671c-s14.gif
Metal-mediated C–O bond forming reactions in natural product synthesis - Organic Chemistry Frontiers (RSC Publishing) DOI_10.1039_C7QO00671C,K-13,organic_figure,./Metal-mediated C–O bond forming reactions in natural product synthesis - Organic Chemistry Frontiers (RSC Publishing) DOI_10.1039_C7QO00671C_files/c7qo00671c-s15.gif
Metal-mediated C–O bond forming reactions in natural product synthesis - Organic Chemistry Frontiers (RSC Publishing) DOI_10.1039_C7QO00671C,aristoyagonine,organic_figure,./Metal-mediated C–O bond forming reactions in natural product synthesis - Organic Chemistry Frontiers (RSC Publishing) DOI_10.1039_C7QO00671C_files/c7qo00671c-s16.gif
Metal-mediated C–O bond forming reactions in natural product synthesis - Organic Chemistry Frontiers (RSC Publishing) DOI_10.1039_C7QO00671C,melanthioidine,organic_figure,./Metal-mediated C–O bond forming reactions in natural product synthesis - Organic Chemistry Frontiers (RSC Publishing) DOI_10.1039_C7QO00671C_files/c7qo00671c-f3.gif
Metal-mediated C–O bond forming reactions in natural product synthesis - Organic Chemistry Frontiers (RSC Publishing) DOI_10.1039_C7QO00671C,tubocurine,organic_figure,./Metal-mediated C–O bond forming reactions in natural product synthesis - Organic Chemistry Frontiers (RSC Publishing) DOI_10.1039_C7QO00671C_files/c7qo00671c-s17.gif
Metal-mediated C–O bond forming reactions in natural product synthesis - Organic Chemistry Frontiers (RSC Publishing) DOI_10.1039_C7QO00671C,curine,organic_figure,./Metal-mediated C–O bond forming reactions in natural product synthesis - Organic Chemistry Frontiers (RSC Publishing) DOI_10.1039_C7QO00671C_files/c7qo00671c-s17.gif
Metal-mediated C–O bond forming reactions in natural product synthesis - Organic Chemistry Frontiers (RSC Publishing) DOI_10.1039_C7QO00671C,thyroxine,organic_figure,./Metal-mediated C–O bond forming reactions in natural product synthesis - Organic Chemistry Frontiers (RSC Publishing) DOI_10.1039_C7QO00671C_files/c7qo00671c-s18.gif
Metal-mediated C–O bond forming reactions in natural product synthesis - Organic Chemistry Frontiers (RSC Publishing) DOI_10.1039_C7QO00671C,isodityrosine,organic_figure,./Metal-mediated C–O bond forming reactions in natural product synthesis - Organic Chemistry Frontiers (RSC Publishing) DOI_10.1039_C7QO00671C_files/c7qo00671c-s18.gif
Metal-mediated C–O bond forming reactions in natural product synthesis - Organic Chemistry Frontiers (RSC Publishing) DOI_10.1039_C7QO00671C,teicoplanin aglycon,organic_figure,./Metal-mediated C–O bond forming reactions in natural product synthesis - Organic Chemistry Frontiers (RSC Publishing) DOI_10.1039_C7QO00671C_files/c7qo00671c-s19.gif
Metal-mediated C–O bond forming reactions in natural product synthesis - Organic Chemistry Frontiers (RSC Publishing) DOI_10.1039_C7QO00671C,chloropeptin I,organic_figure,./Metal-mediated C–O bond forming reactions in natural product synthesis - Organic Chemistry Frontiers (RSC Publishing) DOI_10.1039_C7QO00671C_files/c7qo00671c-s21.gif
Metal-mediated C–O bond forming reactions in natural product synthesis - Organic Chemistry Frontiers (RSC Publishing) DOI_10.1039_C7QO00671C,isoelacomine,organic_figure,./Metal-mediated C–O bond forming reactions in natural product synthesis - Organic Chemistry Frontiers (RSC Publishing) DOI_10.1039_C7QO00671C_files/c7qo00671c-s22.gif
Metal-mediated C–O bond forming reactions in natural product synthesis - Organic Chemistry Frontiers (RSC Publishing) DOI_10.1039_C7QO00671C,elacomine,organic_figure,./Metal-mediated C–O bond forming reactions in natural product synthesis - Organic Chemistry Frontiers (RSC Publishing) DOI_10.1039_C7QO00671C_files/c7qo00671c-s22.gif
Metal-mediated C–O bond forming reactions in natural product synthesis - Organic Chemistry Frontiers (RSC Publishing) DOI_10.1039_C7QO00671C,paliurine F,organic_figure,./Metal-mediated C–O bond forming reactions in natural product synthesis - Organic Chemistry Frontiers (RSC Publishing) DOI_10.1039_C7QO00671C_files/c7qo00671c-s23.gif
Metal-mediated C–O bond forming reactions in natural product synthesis - Organic Chemistry Frontiers (RSC Publishing) DOI_10.1039_C7QO00671C,abyssenine A,organic_figure,./Metal-mediated C–O bond forming reactions in natural product synthesis - Organic Chemistry Frontiers (RSC Publishing) DOI_10.1039_C7QO00671C_files/c7qo00671c-s23.gif
Metal-mediated C–O bond forming reactions in natural product synthesis - Organic Chemistry Frontiers (RSC Publishing) DOI_10.1039_C7QO00671C,verruculogen,organic_figure,./Metal-mediated C–O bond forming reactions in natural product synthesis - Organic Chemistry Frontiers (RSC Publishing) DOI_10.1039_C7QO00671C_files/c7qo00671c-s24.gif
Metal-mediated C–O bond forming reactions in natural product synthesis - Organic Chemistry Frontiers (RSC Publishing) DOI_10.1039_C7QO00671C,fumitremorgin A,organic_figure,./Metal-mediated C–O bond forming reactions in natural product synthesis - Organic Chemistry Frontiers (RSC Publishing) DOI_10.1039_C7QO00671C_files/c7qo00671c-s24.gif
Metal-mediated C–O bond forming reactions in natural product synthesis - Organic Chemistry Frontiers (RSC Publishing) DOI_10.1039_C7QO00671C,6-methoxy-tryptophan,organic_figure,./Metal-mediated C–O bond forming reactions in natural product synthesis - Organic Chemistry Frontiers (RSC Publishing) DOI_10.1039_C7QO00671C_files/c7qo00671c-s24.gif
Metal-mediated C–O bond forming reactions in natural product synthesis - Organic Chemistry Frontiers (RSC Publishing) DOI_10.1039_C7QO00671C,hirsutellone B,organic_figure,./Metal-mediated C–O bond forming reactions in natural product synthesis - Organic Chemistry Frontiers (RSC Publishing) DOI_10.1039_C7QO00671C_files/c7qo00671c-s25.gif
Metal-mediated C–O bond forming reactions in natural product synthesis - Organic Chemistry Frontiers (RSC Publishing) DOI_10.1039_C7QO00671C,corsifuran A,organic_figure,./Metal-mediated C–O bond forming reactions in natural product synthesis - Organic Chemistry Frontiers (RSC Publishing) DOI_10.1039_C7QO00671C_files/c7qo00671c-s26.gif
Metal-mediated C–O bond forming reactions in natural product synthesis - Organic Chemistry Frontiers (RSC Publishing) DOI_10.1039_C7QO00671C,debromoflustramines B,organic_figure,./Metal-mediated C–O bond forming reactions in natural product synthesis - Organic Chemistry Frontiers (RSC Publishing) DOI_10.1039_C7QO00671C_files/c7qo00671c-s27.gif
Metal-mediated C–O bond forming reactions in natural product synthesis - Organic Chemistry Frontiers (RSC Publishing) DOI_10.1039_C7QO00671C,debromoflustramines E,organic_figure,./Metal-mediated C–O bond forming reactions in natural product synthesis - Organic Chemistry Frontiers (RSC Publishing) DOI_10.1039_C7QO00671C_files/c7qo00671c-s27.gif
Metal-mediated C–O bond forming reactions in natural product synthesis - Organic Chemistry Frontiers (RSC Publishing) DOI_10.1039_C7QO00671C,debromoflustramide B,organic_figure,./Metal-mediated C–O bond forming reactions in natural product synthesis - Organic Chemistry Frontiers (RSC Publishing) DOI_10.1039_C7QO00671C_files/c7qo00671c-s27.gif
Metal-mediated C–O bond forming reactions in natural product synthesis - Organic Chemistry Frontiers (RSC Publishing) DOI_10.1039_C7QO00671C,lamellarins,organic_figure,./Metal-mediated C–O bond forming reactions in natural product synthesis - Organic Chemistry Frontiers (RSC Publishing) DOI_10.1039_C7QO00671C_files/c7qo00671c-s28.gif
Metal-mediated C–O bond forming reactions in natural product synthesis - Organic Chemistry Frontiers (RSC Publishing) DOI_10.1039_C7QO00671C,urolithins,organic_figure,./Metal-mediated C–O bond forming reactions in natural product synthesis - Organic Chemistry Frontiers (RSC Publishing) DOI_10.1039_C7QO00671C_files/c7qo00671c-s28.gif
"Organocatalytic asymmetric synthesis of cornolactones A and B, and formal synthesis of brasoside and littoralisone - Organic Chemistry Frontiers (RSC Publishing) DOI_10.1039_C7QO00843K",Cornolactones A,organic_figure,"./Organocatalytic asymmetric synthesis of cornolactones A and B, and formal synthesis of brasoside and littoralisone - Organic Chemistry Frontiers (RSC Publishing) DOI_10.1039_C7QO00843K_files/c7qo00843k-s1.gif"
"Organocatalytic asymmetric synthesis of cornolactones A and B, and formal synthesis of brasoside and littoralisone - Organic Chemistry Frontiers (RSC Publishing) DOI_10.1039_C7QO00843K",Cornolactones B,organic_figure,"./Organocatalytic asymmetric synthesis of cornolactones A and B, and formal synthesis of brasoside and littoralisone - Organic Chemistry Frontiers (RSC Publishing) DOI_10.1039_C7QO00843K_files/c7qo00843k-s1.gif"
"Organocatalytic asymmetric synthesis of cornolactones A and B, and formal synthesis of brasoside and littoralisone - Organic Chemistry Frontiers (RSC Publishing) DOI_10.1039_C7QO00843K",littoralisone,organic_figure,"./Organocatalytic asymmetric synthesis of cornolactones A and B, and formal synthesis of brasoside and littoralisone - Organic Chemistry Frontiers (RSC Publishing) DOI_10.1039_C7QO00843K_files/c7qo00843k-s1.gif"
"Organocatalytic asymmetric synthesis of cornolactones A and B, and formal synthesis of brasoside and littoralisone - Organic Chemistry Frontiers (RSC Publishing) DOI_10.1039_C7QO00843K",brasoside,organic_figure,"./Organocatalytic asymmetric synthesis of cornolactones A and B, and formal synthesis of brasoside and littoralisone - Organic Chemistry Frontiers (RSC Publishing) DOI_10.1039_C7QO00843K_files/c7qo00843k-s1.gif"
"Organocatalytic asymmetric synthesis of cornolactones A and B, and formal synthesis of brasoside and littoralisone - Organic Chemistry Frontiers (RSC Publishing) DOI_10.1039_C7QO00843K",Cornolactones A,organic_figure,"./Organocatalytic asymmetric synthesis of cornolactones A and B, and formal synthesis of brasoside and littoralisone - Organic Chemistry Frontiers (RSC Publishing) DOI_10.1039_C7QO00843K_files/c7qo00843k-s3.gif"
"Organocatalytic asymmetric synthesis of cornolactones A and B, and formal synthesis of brasoside and littoralisone - Organic Chemistry Frontiers (RSC Publishing) DOI_10.1039_C7QO00843K",Cornolactones B,organic_figure,"./Organocatalytic asymmetric synthesis of cornolactones A and B, and formal synthesis of brasoside and littoralisone - Organic Chemistry Frontiers (RSC Publishing) DOI_10.1039_C7QO00843K_files/c7qo00843k-s3.gif"
"Organocatalytic asymmetric synthesis of cornolactones A and B, and formal synthesis of brasoside and littoralisone - Organic Chemistry Frontiers (RSC Publishing) DOI_10.1039_C7QO00843K",littoralisone,organic_figure,"./Organocatalytic asymmetric synthesis of cornolactones A and B, and formal synthesis of brasoside and littoralisone - Organic Chemistry Frontiers (RSC Publishing) DOI_10.1039_C7QO00843K_files/c7qo00843k-s4.gif"
"Organocatalytic asymmetric synthesis of cornolactones A and B, and formal synthesis of brasoside and littoralisone - Organic Chemistry Frontiers (RSC Publishing) DOI_10.1039_C7QO00843K",brasoside,organic_figure,"./Organocatalytic asymmetric synthesis of cornolactones A and B, and formal synthesis of brasoside and littoralisone - Organic Chemistry Frontiers (RSC Publishing) DOI_10.1039_C7QO00843K_files/c7qo00843k-s4.gif"
Photoredox-catalyzed cascade annulation of methyl(2-(phenylethynyl)phenyl)sulfanes and methyl(2-(phenylethynyl)phenyl)selanes with sulfonyl chlorides_ ... - Organic Chemistry Frontiers (RSC Publishing) DOI_10.1039_C8QO00147B,substituted benzothiophenes,organic_figure,./Photoredox-catalyzed cascade annulation of methyl(2-(phenylethynyl)phenyl)sulfanes and methyl(2-(phenylethynyl)phenyl)selanes with sulfonyl chlorides_ ... - Organic Chemistry Frontiers (RSC Publishing) DOI_10.1039_C8QO00147B_files/c8qo00147b-s1.gif
Photoredox-catalyzed cascade annulation of methyl(2-(phenylethynyl)phenyl)sulfanes and methyl(2-(phenylethynyl)phenyl)selanes with sulfonyl chlorides_ ... - Organic Chemistry Frontiers (RSC Publishing) DOI_10.1039_C8QO00147B,benzoselenophenes,organic_figure,./Photoredox-catalyzed cascade annulation of methyl(2-(phenylethynyl)phenyl)sulfanes and methyl(2-(phenylethynyl)phenyl)selanes with sulfonyl chlorides_ ... - Organic Chemistry Frontiers (RSC Publishing) DOI_10.1039_C8QO00147B_files/c8qo00147b-s4.gif
Visible light photoredox catalysis_ conversion of a mixture of thiophenols and nitriles into 2-substituted benzothiazoles via consecutive C–S and C–N ... - Organic Chemistry Frontiers (RSC Publishing) DOI_10.1039_C8QO00219C,2-aryl benzothiazoles,organic_figure,./Visible light photoredox catalysis_ conversion of a mixture of thiophenols and nitriles into 2-substituted benzothiazoles via consecutive C–S and C–N ... - Organic Chemistry Frontiers (RSC Publishing) DOI_10.1039_C8QO00219C_files/c8qo00219c-s1.gif
Visible light photoredox catalysis_ conversion of a mixture of thiophenols and nitriles into 2-substituted benzothiazoles via consecutive C–S and C–N ... - Organic Chemistry Frontiers (RSC Publishing) DOI_10.1039_C8QO00219C,2-substituted benzothiazoles,organic_figure,./Visible light photoredox catalysis_ conversion of a mixture of thiophenols and nitriles into 2-substituted benzothiazoles via consecutive C–S and C–N ... - Organic Chemistry Frontiers (RSC Publishing) DOI_10.1039_C8QO00219C_files/c8qo00219c-s2.gif
Visible light photoredox catalysis_ conversion of a mixture of thiophenols and nitriles into 2-substituted benzothiazoles via consecutive C–S and C–N ... - Organic Chemistry Frontiers (RSC Publishing) DOI_10.1039_C8QO00219C,2-substituted benzothiazoles,organic_figure,./Visible light photoredox catalysis_ conversion of a mixture of thiophenols and nitriles into 2-substituted benzothiazoles via consecutive C–S and C–N ... - Organic Chemistry Frontiers (RSC Publishing) DOI_10.1039_C8QO00219C_files/c8qo00219c-s4.gif
Total synthesis of strictamine_ a tutorial for novel and efficient synthesis - Organic Chemistry Frontiers (RSC Publishing) DOI_10.1039_C7QO00837F,strictamine,organic_figure,./Total synthesis of strictamine_ a tutorial for novel and efficient synthesis - Organic Chemistry Frontiers (RSC Publishing) DOI_10.1039_C7QO00837F_files/c7qo00837f-s2.gif
Total synthesis of strictamine_ a tutorial for novel and efficient synthesis - Organic Chemistry Frontiers (RSC Publishing) DOI_10.1039_C7QO00837F,(+)-strictamine,organic_figure,./Total synthesis of strictamine_ a tutorial for novel and efficient synthesis - Organic Chemistry Frontiers (RSC Publishing) DOI_10.1039_C7QO00837F_files/c7qo00837f-s3.gif
Total synthesis of strictamine_ a tutorial for novel and efficient synthesis - Organic Chemistry Frontiers (RSC Publishing) DOI_10.1039_C7QO00837F,(±)-strictamine,organic_figure,./Total synthesis of strictamine_ a tutorial for novel and efficient synthesis - Organic Chemistry Frontiers (RSC Publishing) DOI_10.1039_C7QO00837F_files/c7qo00837f-s4.gif
Total synthesis of strictamine_ a tutorial for novel and efficient synthesis - Organic Chemistry Frontiers (RSC Publishing) DOI_10.1039_C7QO00837F,strictamine pentacyclic,organic_figure,./Total synthesis of strictamine_ a tutorial for novel and efficient synthesis - Organic Chemistry Frontiers (RSC Publishing) DOI_10.1039_C7QO00837F_files/c7qo00837f-s5.gif
Total synthesis of strictamine_ a tutorial for novel and efficient synthesis - Organic Chemistry Frontiers (RSC Publishing) DOI_10.1039_C7QO00837F,(±)-strictamine,organic_figure,./Total synthesis of strictamine_ a tutorial for novel and efficient synthesis - Organic Chemistry Frontiers (RSC Publishing) DOI_10.1039_C7QO00837F_files/c7qo00837f-s6.gif
"Synthesis of trans -disubstituted-2,3-dihydrobenzofurans by a formal [4 + 1] annulation between para -quinone methides and sulfonium salts - Organic Chemistry Frontiers (RSC Publishing) DOI_10.1039_C8QO00008E","2,3-dihydrobenzofuran",organic_figure,"./Synthesis of trans -disubstituted-2,3-dihydrobenzofurans by a formal [4 + 1] annulation between para -quinone methides and sulfonium salts - Organic Chemistry Frontiers (RSC Publishing) DOI_10.1039_C8QO00008E_files/c8qo00008e-s2.gif"
Synthesis and characterization of a doubly spin-labelled electrochemically driven molecular shuttle - Organic Chemistry Frontiers (RSC Publishing) DOI_10.1039_C8QO00187A,rotaxanes Rot,organic_figure,./Synthesis and characterization of a doubly spin-labelled electrochemically driven molecular shuttle - Organic Chemistry Frontiers (RSC Publishing) DOI_10.1039_C8QO00187A_files/c8qo00187a-s2.gif
"Syntheses and structures of [7]helicene and double helicene based on dithieno[2,3- b _2′,3′- d ]thiophene - Organic Chemistry Frontiers (RSC Publishing) DOI_10.1039_C7QO01049D",1-DNJ's isomers,organic_figure,./Stereoconvergent synthesis of 1-deoxynojirimycin isomers by using the 3 component 4 centred Ugi reaction - Organic Chemistry Frontiers (RSC Publishing) DOI_10.1039_C5QO00019J_files/c5qo00019j-s1.gif
Stereoconvergent synthesis of 1-deoxynojirimycin isomers by using the 3 component 4 centred Ugi reaction - Organic Chemistry Frontiers (RSC Publishing) DOI_10.1039_C5QO00019J,bis-substituted imine,organic_figure,./Stereoconvergent synthesis of 1-deoxynojirimycin isomers by using the 3 component 4 centred Ugi reaction - Organic Chemistry Frontiers (RSC Publishing) DOI_10.1039_C5QO00019J_files/c5qo00019j-s2.gif
Stereoconvergent synthesis of 1-deoxynojirimycin isomers by using the 3 component 4 centred Ugi reaction - Organic Chemistry Frontiers (RSC Publishing) DOI_10.1039_C5QO00019J,Cyclic dipeptides,organic_figure,./Stereoconvergent synthesis of 1-deoxynojirimycin isomers by using the 3 component 4 centred Ugi reaction - Organic Chemistry Frontiers (RSC Publishing) DOI_10.1039_C5QO00019J_files/c5qo00019j-s3.gif
Stereoconvergent synthesis of 1-deoxynojirimycin isomers by using the 3 component 4 centred Ugi reaction - Organic Chemistry Frontiers (RSC Publishing) DOI_10.1039_C5QO00019J,azido hemi-acetal,organic_figure,./Stereoconvergent synthesis of 1-deoxynojirimycin isomers by using the 3 component 4 centred Ugi reaction - Organic Chemistry Frontiers (RSC Publishing) DOI_10.1039_C5QO00019J_files/c5qo00019j-s4.gif
Stereoconvergent synthesis of 1-deoxynojirimycin isomers by using the 3 component 4 centred Ugi reaction - Organic Chemistry Frontiers (RSC Publishing) DOI_10.1039_C5QO00019J,(L-allo-DNJ),organic_figure,./Stereoconvergent synthesis of 1-deoxynojirimycin isomers by using the 3 component 4 centred Ugi reaction - Organic Chemistry Frontiers (RSC Publishing) DOI_10.1039_C5QO00019J_files/c5qo00019j-s5.gif
Stereoconvergent synthesis of 1-deoxynojirimycin isomers by using the 3 component 4 centred Ugi reaction - Organic Chemistry Frontiers (RSC Publishing) DOI_10.1039_C5QO00019J,(L-altro-DNJ),organic_figure,./Stereoconvergent synthesis of 1-deoxynojirimycin isomers by using the 3 component 4 centred Ugi reaction - Organic Chemistry Frontiers (RSC Publishing) DOI_10.1039_C5QO00019J_files/c5qo00019j-s6.gif
Silylative coupling of olefins with vinylsilanes in the synthesis of functionalized alkenes - Organic Chemistry Frontiers (RSC Publishing) DOI_10.1039_C5QO00018A,alkenylsilanes,organic_figure,./Silylative coupling of olefins with vinylsilanes in the synthesis of functionalized alkenes - Organic Chemistry Frontiers (RSC Publishing) DOI_10.1039_C5QO00018A_files/c5qo00018a-s1.gif
Silylative coupling of olefins with vinylsilanes in the synthesis of functionalized alkenes - Organic Chemistry Frontiers (RSC Publishing) DOI_10.1039_C5QO00018A,(E)-β-aryl vinyl halides,organic_figure,./Silylative coupling of olefins with vinylsilanes in the synthesis of functionalized alkenes - Organic Chemistry Frontiers (RSC Publishing) DOI_10.1039_C5QO00018A_files/c5qo00018a-s3.gif
Silylative coupling of olefins with vinylsilanes in the synthesis of functionalized alkenes - Organic Chemistry Frontiers (RSC Publishing) DOI_10.1039_C5QO00018A,(E)-9-(2-iodovinyl)-9H-carbazole,organic_figure,./Silylative coupling of olefins with vinylsilanes in the synthesis of functionalized alkenes - Organic Chemistry Frontiers (RSC Publishing) DOI_10.1039_C5QO00018A_files/c5qo00018a-s4.gif
Silylative coupling of olefins with vinylsilanes in the synthesis of functionalized alkenes - Organic Chemistry Frontiers (RSC Publishing) DOI_10.1039_C5QO00018A,(E)-β-iodoenamides,organic_figure,./Silylative coupling of olefins with vinylsilanes in the synthesis of functionalized alkenes - Organic Chemistry Frontiers (RSC Publishing) DOI_10.1039_C5QO00018A_files/c5qo00018a-s5.gif
Silylative coupling of olefins with vinylsilanes in the synthesis of functionalized alkenes - Organic Chemistry Frontiers (RSC Publishing) DOI_10.1039_C5QO00018A,(E)-β-iodoenimides,organic_figure,./Silylative coupling of olefins with vinylsilanes in the synthesis of functionalized alkenes - Organic Chemistry Frontiers (RSC Publishing) DOI_10.1039_C5QO00018A_files/c5qo00018a-s5.gif
Silylative coupling of olefins with vinylsilanes in the synthesis of functionalized alkenes - Organic Chemistry Frontiers (RSC Publishing) DOI_10.1039_C5QO00018A,(E)-N-iodovinylphthalimide,organic_figure,./Silylative coupling of olefins with vinylsilanes in the synthesis of functionalized alkenes - Organic Chemistry Frontiers (RSC Publishing) DOI_10.1039_C5QO00018A_files/c5qo00018a-s6.gif
Silylative coupling of olefins with vinylsilanes in the synthesis of functionalized alkenes - Organic Chemistry Frontiers (RSC Publishing) DOI_10.1039_C5QO00018A,(E)-styryl ketones,organic_figure,./Silylative coupling of olefins with vinylsilanes in the synthesis of functionalized alkenes - Organic Chemistry Frontiers (RSC Publishing) DOI_10.1039_C5QO00018A_files/c5qo00018a-s7.gif
Silylative coupling of olefins with vinylsilanes in the synthesis of functionalized alkenes - Organic Chemistry Frontiers (RSC Publishing) DOI_10.1039_C5QO00018A,(E)-β-silylvinyl ketones,organic_figure,./Silylative coupling of olefins with vinylsilanes in the synthesis of functionalized alkenes - Organic Chemistry Frontiers (RSC Publishing) DOI_10.1039_C5QO00018A_files/c5qo00018a-s8.gif
Silylative coupling of olefins with vinylsilanes in the synthesis of functionalized alkenes - Organic Chemistry Frontiers (RSC Publishing) DOI_10.1039_C5QO00018A,(E)-stilbenes,organic_figure,./Silylative coupling of olefins with vinylsilanes in the synthesis of functionalized alkenes - Organic Chemistry Frontiers (RSC Publishing) DOI_10.1039_C5QO00018A_files/c5qo00018a-s9.gif
Silylative coupling of olefins with vinylsilanes in the synthesis of functionalized alkenes - Organic Chemistry Frontiers (RSC Publishing) DOI_10.1039_C5QO00018A,bis[(E)-styryl]arenes,organic_figure,./Silylative coupling of olefins with vinylsilanes in the synthesis of functionalized alkenes - Organic Chemistry Frontiers (RSC Publishing) DOI_10.1039_C5QO00018A_files/c5qo00018a-s9.gif
Silylative coupling of olefins with vinylsilanes in the synthesis of functionalized alkenes - Organic Chemistry Frontiers (RSC Publishing) DOI_10.1039_C5QO00018A,stilbenoid dendrimers.,organic_figure,./Silylative coupling of olefins with vinylsilanes in the synthesis of functionalized alkenes - Organic Chemistry Frontiers (RSC Publishing) DOI_10.1039_C5QO00018A_files/c5qo00018a-s9.gif
Silylative coupling of olefins with vinylsilanes in the synthesis of functionalized alkenes - Organic Chemistry Frontiers (RSC Publishing) DOI_10.1039_C5QO00018A,(E)-poly(arylenevinylene)s,organic_figure,./Silylative coupling of olefins with vinylsilanes in the synthesis of functionalized alkenes - Organic Chemistry Frontiers (RSC Publishing) DOI_10.1039_C5QO00018A_files/c5qo00018a-s10.gif
Silylative coupling of olefins with vinylsilanes in the synthesis of functionalized alkenes - Organic Chemistry Frontiers (RSC Publishing) DOI_10.1039_C5QO00018A,(E)-4-bromostilbenes,organic_figure,./Silylative coupling of olefins with vinylsilanes in the synthesis of functionalized alkenes - Organic Chemistry Frontiers (RSC Publishing) DOI_10.1039_C5QO00018A_files/c5qo00018a-s11.gif
Silylative coupling of olefins with vinylsilanes in the synthesis of functionalized alkenes - Organic Chemistry Frontiers (RSC Publishing) DOI_10.1039_C5QO00018A,β-n-butoxystyrenes,organic_figure,./Silylative coupling of olefins with vinylsilanes in the synthesis of functionalized alkenes - Organic Chemistry Frontiers (RSC Publishing) DOI_10.1039_C5QO00018A_files/c5qo00018a-s12.gif
Silylative coupling of olefins with vinylsilanes in the synthesis of functionalized alkenes - Organic Chemistry Frontiers (RSC Publishing) DOI_10.1039_C5QO00018A,(E)-9-styrylcarbazoles,organic_figure,./Silylative coupling of olefins with vinylsilanes in the synthesis of functionalized alkenes - Organic Chemistry Frontiers (RSC Publishing) DOI_10.1039_C5QO00018A_files/c5qo00018a-s13.gif
Silylative coupling of olefins with vinylsilanes in the synthesis of functionalized alkenes - Organic Chemistry Frontiers (RSC Publishing) DOI_10.1039_C5QO00018A,disubstituted alkenes,organic_figure,./Silylative coupling of olefins with vinylsilanes in the synthesis of functionalized alkenes - Organic Chemistry Frontiers (RSC Publishing) DOI_10.1039_C5QO00018A_files/c5qo00018a-s14.gif
Silylative coupling of olefins with vinylsilanes in the synthesis of functionalized alkenes - Organic Chemistry Frontiers (RSC Publishing) DOI_10.1039_C5QO00018A,"1,1-bis(silyl)-2-arylethenes",organic_figure,./Silylative coupling of olefins with vinylsilanes in the synthesis of functionalized alkenes - Organic Chemistry Frontiers (RSC Publishing) DOI_10.1039_C5QO00018A_files/c5qo00018a-s15.gif
Silylative coupling of olefins with vinylsilanes in the synthesis of functionalized alkenes - Organic Chemistry Frontiers (RSC Publishing) DOI_10.1039_C5QO00018A,"1,1-bis(trimethylsilyl)-2-arylethenes",organic_figure,./Silylative coupling of olefins with vinylsilanes in the synthesis of functionalized alkenes - Organic Chemistry Frontiers (RSC Publishing) DOI_10.1039_C5QO00018A_files/c5qo00018a-s16.gif
Silylative coupling of olefins with vinylsilanes in the synthesis of functionalized alkenes - Organic Chemistry Frontiers (RSC Publishing) DOI_10.1039_C5QO00018A,(E)-stilbene derivatives,organic_figure,./Silylative coupling of olefins with vinylsilanes in the synthesis of functionalized alkenes - Organic Chemistry Frontiers (RSC Publishing) DOI_10.1039_C5QO00018A_files/c5qo00018a-s17.gif
Silylative coupling of olefins with vinylsilanes in the synthesis of functionalized alkenes - Organic Chemistry Frontiers (RSC Publishing) DOI_10.1039_C5QO00018A,(E)-poly(arylenevinylene)s,organic_figure,./Silylative coupling of olefins with vinylsilanes in the synthesis of functionalized alkenes - Organic Chemistry Frontiers (RSC Publishing) DOI_10.1039_C5QO00018A_files/c5qo00018a-s17.gif
Silylative coupling of olefins with vinylsilanes in the synthesis of functionalized alkenes - Organic Chemistry Frontiers (RSC Publishing) DOI_10.1039_C5QO00018A,"cyclic 1,1-bis(silyl)alkenes",organic_figure,./Silylative coupling of olefins with vinylsilanes in the synthesis of functionalized alkenes - Organic Chemistry Frontiers (RSC Publishing) DOI_10.1039_C5QO00018A_files/c5qo00018a-s18.gif
Total synthesis of teixobactin and its stereoisomers - Organic Chemistry Frontiers (RSC Publishing) DOI_10.1039_C8QO00145F,L-allo-End,organic_figure,./Total synthesis of teixobactin and its stereoisomers - Organic Chemistry Frontiers (RSC Publishing) DOI_10.1039_C8QO00145F_files/c8qo00145f-s2.gif
Total synthesis of teixobactin and its stereoisomers - Organic Chemistry Frontiers (RSC Publishing) DOI_10.1039_C8QO00145F,L-End,organic_figure,./Total synthesis of teixobactin and its stereoisomers - Organic Chemistry Frontiers (RSC Publishing) DOI_10.1039_C8QO00145F_files/c8qo00145f-s2.gif
Total synthesis of teixobactin and its stereoisomers - Organic Chemistry Frontiers (RSC Publishing) DOI_10.1039_C8QO00145F,D-End,organic_figure,./Total synthesis of teixobactin and its stereoisomers - Organic Chemistry Frontiers (RSC Publishing) DOI_10.1039_C8QO00145F_files/c8qo00145f-s2.gif
Total synthesis of teixobactin and its stereoisomers - Organic Chemistry Frontiers (RSC Publishing) DOI_10.1039_C8QO00145F,D-allo-End,organic_figure,./Total synthesis of teixobactin and its stereoisomers - Organic Chemistry Frontiers (RSC Publishing) DOI_10.1039_C8QO00145F_files/c8qo00145f-s2.gif
Total synthesis of teixobactin and its stereoisomers - Organic Chemistry Frontiers (RSC Publishing) DOI_10.1039_C8QO00145F,teixobactin,organic_figure,./Total synthesis of teixobactin and its stereoisomers - Organic Chemistry Frontiers (RSC Publishing) DOI_10.1039_C8QO00145F_files/c8qo00145f-s3.gif
Total synthesis of teixobactin and its stereoisomers - Organic Chemistry Frontiers (RSC Publishing) DOI_10.1039_C8QO00145F,teixobactin,organic_figure,./Total synthesis of teixobactin and its stereoisomers - Organic Chemistry Frontiers (RSC Publishing) DOI_10.1039_C8QO00145F_files/c8qo00145f-s4.gif
Total synthesis of teixobactin and its stereoisomers - Organic Chemistry Frontiers (RSC Publishing) DOI_10.1039_C8QO00145F,teixobactin,organic_figure,./Total synthesis of teixobactin and its stereoisomers - Organic Chemistry Frontiers (RSC Publishing) DOI_10.1039_C8QO00145F_files/c8qo00145f-s5.gif
