abyssenine A,1
Cornolactones B,1
"cyclic 1,1-bis(silyl)alkenes",1
[2]rotaxanes,1
6-methoxy-tryptophan,1
2-aryl benzothiazoles,1
(+)-nakadomarin A,1
(−)-tashiromine,1
curine,1
enone,1
aspercyclides A,1
diaryl ether heptanoids,1
rac-2,1
azido hemi-acetal,1
(−)-lycopodine,1
(−)-hippodamine,1
cornolactone B,1
(5′R)-cdA phosphoramidite,1
cycloisodityrosine,1
teicoplanin aglycon,1
L-altro-DNJ,1
phaeanthine,1
cycloisodityrosines,1
Strictamine,1
naphthamides,1
hirsutellone B,1
(±)-didehydrostemofoline,1
tubocurine,1
L-allo-DNJ,1
(E)-stilbenes,1
(±)-morphine,1
debromoflustramines E,1
(±)-subincanadine F,1
rac-3,1
C60,1
gephyrotoxin,1
Cornolactones A,1
"1,1-bis(silyl)-2-arylethenes",1
CNTs,1
K-13,1
conjugated carbon nanocages,1
(5′R)-cdG phosphoramidite,1
isocyclocitrinol,1
(−)-epilupinine,1
aristogin A,1
substituted benzothiophenes,1
protected triol,1
(+)-fawcettimine,1
(−)-quinocarcin,1
(±)-neofinaconitine,1
Kopsia indole alkaloids,1
(+)-lycopalhine A,1
(±)-anatoxin-a,1
mutisianthol,1
sulfonyl chlorides,1
diene ester,1
(+)-fastigiatine,1
elacomine,1
D-End,1
3-methyleneisoindolinones,1
isotetrandine,1
"α,β-unsaturated ester",1
bruceolline E,1
debromoflustramines B,1
gerfelin,1
verruculogen,1
bruceolline D,1
β-n-butoxystyrenes,1
D-allo-End building blocks,1
(+)-strictamine,1
(E)-9-styrylcarbazoles,1
isodityrosine,1
indoles,1
"1,1-bis(trimethylsilyl)-2-arylethenes",1
cribrostatin IV,1
Leucascandrolide A,1
littoralisone,1
[7]Helicene,1
brasoside,1
corsifuran A,1
stilbenoid dendrimers,1
urolithins,1
garugamblin,1
(E)-β-aryl vinyl halides,1
"[5,5] CNT",1
santalin Y,1
disubstituted alkenes containing aromatic groups,1
dihydroisoquinolinones,1
ketone 13,1
3-(trifluoromethyl)indole,1
tetrahydropyran,1
(±)-gelsemine,1
"5′,8-cyclopurines",1
(+)-bruceollines J,1
pharicin A,1
harringtonolide,1
epicolactone,1
thyroxine,1
(−)-actinophyllic acid,1
aspercyclides B,1
colchicinoids,1
cornolactone A,1
obovatol,1
"symmetric 2,2′-bisoxazoles",1
aristoyagonine,1
symmetrical (E)-stilbene derivatives,1
benzoselenophenes,1
(±)-gracilamine,1
(±)-homoanatoxin,1
lamellarins,1
(+)-lycoflexine,1
2-substituted benzothiazoles,1
(±)-isodidehydrostemofoline,1
L-allo-End,1
BT23,1
bis[(E)-styryl]arenes,1
purpurogallin,1
imides,1
(−)-lepenine,1
"unsymmetric 2,2′-bisoxazoles",1
(−)-platensimycin,1
(−)-trachelanthamidine,1
diaryl ethers,1
eurifoloid A,1
garuganin,1
CPPs,1
L-End,1
martinelline,1
verbanachalcone,1
(±)-lyconadins C,1
epi-mutisianthol,1
(+)-clavolonine,1
melanthioidine,1
rac-4,1
indole,1
(E)-9-(2-iodovinyl)-9H-carbazole,1
isoquinolinones,1
(5′S)-cdG,1
hernandial,1
methyl(2-(phenylethynyl)phenyl)sulfane benzothiophenes,1
strictamine,1
(±)-lyconadins A,1
DNJ-isomers,1
(±)-lycojaponicumin D,1
3-acetyl indole,1
rac-1,1
pyrrolidinones,1
(E)-β-iodoenamides and (E)-β-iodoenimides,1
(±)-strictamine,1
teixobactin,1
bruceolline J,1
sarpagine alkaloids,1
(5′S)-cdA,1
martinellic acid,1
(+)-N-methylvellosimine,1
(E)-styryl ketones,1
Evofosfamide (TH-302),1
(E)-poly(arylenevinylene)s,1
piperazinomycin,1
isoelacomine,1
paliurine F,1
(E)-N-iodovinylphthalimide,1
fluoroform-derived [CuCF3],1
fumitremorgin A,1
dihydrolyfoline,1
(−)-FR901483,1
2-aminoimidazole ester,1
(+)-geissoschizine,1
(E)-β-silylvinyl ketones,1
(E)-4-bromostilbenes,1
5-epi-dihydrolyfoline,1
chloropeptin,1
O-methylthalibrine,1